{
    "id": "287940",
    "listing_url": "https://www.airbnb.com/rooms/287940",
    "scrape_id": "20190417183709",
    "last_scraped": "2019-04-17",
    "name": "Furnished lovely cozy studio",
    "summary": "We are in one of the best areas of mexico city, walking distance of the main attractions, the studio has everything you need for a comfortable staying in mexico city, own entrance, bathroom, kitchen, there is a nice terrace available to eat.",
    "space": "Lovely cozy studio split in two floors with an internal staircase kitchen is on the upper floor by the terrace an main entrance and bedroom and bathroom on the lower floor, all amenities wifi included, private entrance in the heart of condesa, near every interesting spot but enjoys of privacy and silence. No sharing involved this place is ready to live in furnished with kitchen supplies; there are other studios in the same building. Cleaning service once a week included.   Small pets are allowed.  If you are interested for a longer term rental agreement (above 3 months ) please contact us and we can let you know more options.",
    "description": "We are in one of the best areas of mexico city, walking distance of the main attractions, the studio has everything you need for a comfortable staying in mexico city, own entrance, bathroom, kitchen, there is a nice terrace available to eat. Lovely cozy studio split in two floors with an internal staircase kitchen is on the upper floor by the terrace an main entrance and bedroom and bathroom on the lower floor, all amenities wifi included, private entrance in the heart of condesa, near every interesting spot but enjoys of privacy and silence. No sharing involved this place is ready to live in furnished with kitchen supplies; there are other studios in the same building. Cleaning service once a week included.   Small pets are allowed.  If you are interested for a longer term rental agreement (above 3 months ) please contact us and we can let you know more options. We are open, to other check in and check out times but you need to tell me in advance and coordinate with me the in and the ",
    "experiences_offered": "none",
    "neighborhood_overview": "",
    "notes": "We are open, to other check in and check out times but you need to tell me in advance and coordinate with me the in and the out as we DON'T have a 24 hrs concierge service :)",
    "transit": "",
    "access": "",
    "interaction": "",
    "house_rules": "",
    "thumbnail_url": "",
    "medium_url": "",
    "picture_url": "https://a0.muscache.com/im/pictures/61493435/1daed485_original.jpg?aki_policy=large",
    "xl_picture_url": "",
    "host_id": "1497087",
    "host_url": "https://www.airbnb.com/users/show/1497087",
    "host_name": "Penelope",
    "host_since": "2011-12-12",
    "host_location": "Mexico City, Distrito Federal, Mexico",
    "host_about": "I am from Mexico and work in the film industry",
    "host_response_time": "within an hour",
    "host_response_rate": "100%",
    "host_acceptance_rate": "N/A",
    "host_is_superhost": "f",
    "host_thumbnail_url": "https://a0.muscache.com/im/users/1497087/profile_pic/1323726530/original.jpg?aki_policy=profile_small",
    "host_picture_url": "https://a0.muscache.com/im/users/1497087/profile_pic/1323726530/original.jpg?aki_policy=profile_x_medium",
    "host_neighbourhood": "Condesa",
    "host_listings_count": "10",
    "host_total_listings_count": "10",
    "host_verifications": "['email', 'phone', 'facebook', 'reviews', 'jumio', 'offline_government_id', 'government_id']",
    "host_has_profile_pic": "t",
    "host_identity_verified": "t",
    "street": "Mexico City, Federal District, Mexico",
    "neighbourhood": "Condesa",
    "neighbourhood_cleansed": "Cuauhtémoc",
    "neighbourhood_group_cleansed": "",
    "city": "Mexico City",
    "state": "Federal District",
    "zipcode": "",
    "market": "Mexico City",
    "smart_location": "Mexico City, Mexico",
    "country_code": "MX",
    "country": "Mexico",
    "latitude": "19.41247",
    "longitude": "-99.17485",
    "is_location_exact": "t",
    "property_type": "Guest suite",
    "room_type": "Entire home/apt",
    "accommodates": 2,
    "bathrooms": "1.0",
    "bedrooms": "1",
    "beds": "1",
    "bed_type": "Real Bed",
    "amenities": [
        "TV",
        "Cable TV",
        "Internet",
        "Wifi",
        "Kitchen",
        "Smoking allowed",
        "Pets allowed",
        "Free street parking",
        "Familykid friendly",
        "Essentials",
        "Shampoo",
        "Hangers",
        "Laptop friendly workspace",
        "Hot water",
        "Luggage dropoff allowed",
        "Long term stays allowed",
        "Host greets you"
    ],
    "square_feet": "270",
    "price": 945,
    "weekly_price": "",
    "monthly_price": "",
    "security_deposit": 0,
    "cleaning_fee": 0,
    "guests_included": "1",
    "extra_people": "$0.00",
    "minimum_nights": 1,
    "maximum_nights": 1125,
    "minimum_minimum_nights": "1",
    "maximum_minimum_nights": "1",
    "minimum_maximum_nights": "1125",
    "maximum_maximum_nights": "1125",
    "minimum_nights_avg_ntm": "1.0",
    "maximum_nights_avg_ntm": "1125.0",
    "calendar_updated": "5 months ago",
    "has_availability": "t",
    "availability_30": "11",
    "availability_60": "33",
    "availability_90": "63",
    "availability_365": "338",
    "calendar_last_scraped": "2019-04-17",
    "number_of_reviews": "244",
    "number_of_reviews_ltm": "58",
    "first_review": "2013-08-12",
    "last_review": "2019-03-27",
    "review_scores_rating": "91",
    "review_scores_accuracy": "9",
    "review_scores_cleanliness": "9",
    "review_scores_checkin": "10",
    "review_scores_communication": "10",
    "review_scores_location": "10",
    "review_scores_value": "9",
    "requires_license": "f",
    "license": "",
    "jurisdiction_names": "",
    "instant_bookable": "t",
    "is_business_travel_ready": "f",
    "cancellation_policy": "flexible",
    "require_guest_profile_picture": "f",
    "require_guest_phone_verification": "f",
    "calculated_host_listings_count": "10",
    "calculated_host_listings_count_entire_homes": "10",
    "calculated_host_listings_count_private_rooms": "0",
    "calculated_host_listings_count_shared_rooms": "0",
    "reviews_per_month": "3.53",
    "location": {
        "type": "Point",
        "coordinates": [
            -99.17485,
            19.41247
        ]
    }
}
